TEM_HUM_CORR,PM25_PM10_CORR,SO2_NO2_CORR,CLOUD_TEM_CORR,WAVE_TEM_CORR
0.11953932986893032,0.8804126106054031,0.4090692871446536,0.08578629544550118,0.07250600789733397
