SO2监测浓度(μg/m3),NO2监测浓度(μg/m3),PM10监测浓度(μg/m3),PM2.5监测浓度(μg/m3),O3监测浓度(μg/m3),CO监测浓度(mg/m3)
6.996346233017703,32.84005763688761,44.11758954302182,23.656854672704817,54.20888225607246,0.7178519967064777
